14.52.817181,0.0,0,100,0.0,0.0
14.52.832127,0.014946,0,100,0.0,0.0
14.52.846160,0.028979,0,100,0.0,0.0
14.52.868139,0.050958,0,100,0.0,0.0
14.52.886125,0.068944,0,100,0.0,0.0
14.52.906137,0.088956,0,100,0.0,0.0
14.52.923129,0.105948,0,100,0.0,0.0
14.52.942158,0.124977,0,100,0.0,0.0
14.52.963135,0.145954,0,100,0.0,0.0
14.53.2205,0.18502399999999997,0,100,0.0,0.0
14.53.27163,0.209982,0,100,0.0,0.0
14.53.60121,0.24294000000000004,0,100,0.0,0.0
14.53.87109,0.26992799999999995,0,100,0.0,0.0
14.53.108107,0.290926,0,100,0.0,0.0
14.53.132100,0.31491899999999995,0,100,0.0,0.0
14.53.156087,0.33890600000000004,0,100,0.0,0.0
14.53.182088,0.364907,0,100,0.0,0.0
14.53.230109,0.41292799999999996,0,100,0.0,0.0
14.53.254117,0.436936,0,100,0.0,0.0
14.53.275150,0.45796899999999996,0,100,0.0,0.0
14.53.299158,0.481977,0,100,0.0,0.0
14.53.322083,0.504902,0,100,0.0,0.0
14.53.344093,0.526912,0,100,0.0,0.0
14.53.365087,0.547906,0,100,0.0,0.0
14.53.380064,0.562883,0,100,0.0,0.0
14.53.400082,0.582901,0,100,0.0,0.0
14.53.425071,0.60789,0,100,0.0,0.0
14.53.466162,0.648981,0,0,0.0,0.0
14.53.495101,0.6779200000000001,0,0,0.0,0.0
14.53.509084,0.6919029999999999,0,0,0.0,0.0
14.53.524073,0.7068920000000001,0,0,0.0,0.0
14.53.544087,0.726906,0,0,0.0,0.0
14.53.560051,0.7428699999999999,0,0,0.0,0.0
14.53.581043,0.763862,0,0,0.0,0.0
14.53.599062,0.781881,0,0,0.0,0.0
14.53.615055,0.797874,0,0,0.0,0.0
14.53.628035,0.810854,0,0,0.0,0.0
14.53.642067,0.824886,0,0,0.0,0.0
14.53.663048,0.845867,0,0,0.0,0.0
14.53.678075,0.860894,0,0,0.0,0.0
14.53.703123,0.885942,0,0,0.0,0.0
14.53.718027,0.900846,0,0,0.0,0.0
14.53.737057,0.919876,0,0,0.0,0.0
14.53.756089,0.938908,0,0,0.0,0.0
14.53.782048,0.964867,0,0,0.0,0.0
14.53.797045,0.979864,0,0,0.0,0.0
14.53.814033,0.996852,0,0,0.0,0.0
14.53.830033,1.012852,0,0,0.0,0.0
14.53.846034,1.028853,0,0,0.0,0.0
14.53.860034,1.042853,0,0,0.0,0.0
14.53.878052,1.060871,0,0,0.0,0.0
14.53.906006,1.088825,0,0,0.0,0.0
14.53.921086,1.103905,0,0,0.0,0.0
14.53.937025,1.119844,0,0,0.0,0.0
14.53.957134,1.139953,0,0,0.0,0.0
14.53.978116,1.160935,0,0,0.0,0.0
14.54.2018,1.184837,0,0,0.0,0.0
14.54.25036,1.207855,0,0,0.0,0.0
14.54.57025,1.239844,0,0,0.0,0.0
14.54.73039,1.255858,0,0,0.0,0.0
14.54.93152,1.275971,0,0,0.0,0.0
14.54.130001,1.3128199999999999,0,0,0.0,0.0
14.54.147007,1.329826,0,0,0.0,0.0
14.54.161008,1.343827,0,0,0.0,0.0
14.54.184006,1.366825,0,0,0.0,0.0
14.54.196014,1.378833,0,0,0.0,0.0
14.54.208004,1.3908230000000001,0,0,0.0,0.0
14.54.223995,1.406814,0,0,0.0,0.0
14.54.237976,1.420795,0,0,0.0,0.0
14.54.249976,1.432795,0,0,0.0,0.0
14.54.262974,1.445793,0,0,0.0,0.0
14.54.275041,1.4578600000000002,0,0,0.0,0.0
14.54.294996,1.477815,0,0,0.0,0.0
14.54.319998,1.502817,0,0,0.0,0.0
14.54.339033,1.521852,0,0,0.0,0.0
14.54.351980,1.534799,0,0,0.0,0.0
14.54.365980,1.548799,0,0,0.0,0.0
14.54.381988,1.564807,0,0,0.0,0.0
14.54.397979,1.580798,0,0,0.0,0.0
14.54.412983,1.595802,0,0,0.0,0.0
14.54.424989,1.607808,0,0,0.0,0.0
14.54.435976,1.618795,0,0,0.0,0.0
14.54.457984,1.640803,0,0,0.0,0.0
14.54.475032,1.657851,0,0,0.0,0.0
14.54.489961,1.67278,0,0,0.0,0.0
14.54.503975,1.686794,0,0,0.0,0.0
14.54.525106,1.707925,0,0,0.0,0.0
14.54.541983,1.724802,0,0,0.0,0.0
14.54.555996,1.738815,0,0,0.0,0.0
14.54.570964,1.753783,0,0,0.0,0.0
14.54.590994,1.773813,0,0,0.0,0.0
14.54.607946,1.790765,0,0,0.0,0.0
14.54.626974,1.809793,0,0,0.0,0.0
14.54.641972,1.824791,0,0,0.0,0.0
14.54.663019,1.845838,0,0,0.0,0.0
14.54.684972,1.867791,0,0,0.0,0.0
14.54.701964,1.884783,0,0,0.0,0.0
14.54.716958,1.899777,0,0,0.0,0.0
14.54.738989,1.921808,0,0,0.0,0.0
14.54.753952,1.936771,0,0,0.0,0.0
14.54.771966,1.954785,0,0,0.0,0.0
14.54.792943,1.975762,0,0,0.0,0.0
14.54.802928,1.985747,0,0,0.0,0.0
14.54.820025,2.002844,0,0,0.0,0.0
14.54.845046,2.027865,0,0,0.0,0.0
14.54.865943,2.048762,0,0,0.0,0.0
14.54.880947,2.063766,0,0,0.0,0.0
14.54.891948,2.074767,0,0,0.0,0.0
14.54.904942,2.087761,0,0,0.0,0.0
14.54.919953,2.102772,0,0,0.0,0.0
14.54.932956,2.115775,0,0,0.0,0.0
14.54.944924,2.127743,0,0,0.0,0.0
14.54.965018,2.147837,0,0,0.0,0.0
14.54.982918,2.165737,0,0,0.0,0.0
14.54.992971,2.17579,0,0,0.0,0.0
14.55.11914,2.1947330000000003,0,0,0.0,0.0
14.55.27934,2.210753,0,0,0.0,0.0
14.55.45954,2.228773,0,0,0.0,0.0
14.55.58945,2.241764,0,0,0.0,0.0
14.55.71923,2.2547420000000002,0,0,0.0,0.0
14.55.82941,2.26576,0,0,0.0,0.0
14.55.95930,2.278749,0,0,0.0,0.0
14.55.116922,2.299741,0,0,0.0,0.0
14.55.134939,2.317758,0,0,0.0,0.0
14.55.153937,2.3367560000000003,0,0,0.0,0.0
14.55.167906,2.3507249999999997,0,0,0.0,0.0
14.55.182945,2.365764,0,0,0.0,0.0
14.55.203006,2.385825,0,0,0.0,0.0
14.55.225960,2.408779,0,0,0.0,0.0
14.55.241925,2.424744,0,0,0.0,0.0
14.55.257918,2.440737,0,0,0.0,0.0
14.55.269915,2.452734,0,0,0.0,0.0
14.55.283910,2.466729,0,0,0.0,0.0
14.55.302915,2.485734,0,0,0.0,0.0
14.55.317915,2.500734,0,0,0.0,0.0
14.55.334922,2.517741,0,0,0.0,0.0
14.55.352907,2.535726,0,0,0.0,0.0
14.55.368906,2.5517250000000002,0,0,0.0,0.0
14.55.386914,2.569733,0,0,0.0,0.0
14.55.411900,2.594719,0,0,0.0,0.0
14.55.428916,2.611735,0,0,0.0,0.0
14.55.445904,2.628723,0,0,0.0,0.0
14.55.460897,2.643716,0,0,0.0,0.0
14.55.477905,2.660724,0,0,0.0,0.0
14.55.489880,2.672699,0,0,0.0,0.0
14.55.506917,2.689736,0,0,0.0,0.0
14.55.536897,2.719716,0,0,0.0,0.0
14.55.548874,2.731693,0,0,0.0,0.0
14.55.563890,2.746709,0,0,0.0,0.0
14.55.590968,2.773787,0,0,0.0,0.0
14.55.612895,2.795714,0,0,0.0,0.0
14.55.628895,2.811714,0,0,0.0,0.0
14.55.640882,2.823701,0,0,0.0,0.0
14.55.652903,2.835722,0,0,0.0,0.0
14.55.667886,2.850705,0,0,0.0,0.0
14.55.683878,2.866697,0,0,0.0,0.0
14.55.704894,2.887713,0,0,0.0,0.0
14.55.724860,2.907679,0,0,0.0,0.0
14.55.736873,2.919692,0,0,0.0,0.0
14.55.750888,2.933707,0,0,0.0,0.0
14.55.772890,2.955709,0,0,0.0,0.0
14.55.799896,2.982715,0,0,0.0,0.0
14.55.817891,3.00071,0,0,0.0,0.0
14.55.829873,3.012692,0,0,0.0,0.0
14.55.844882,3.027701,0,0,0.0,0.0
14.55.864864,3.047683,0,0,0.0,0.0
14.55.882883,3.065702,0,0,0.0,0.0
14.55.905931,3.08875,0,0,0.0,0.0
14.55.921964,3.104783,0,0,0.0,0.0
14.55.935845,3.118664,0,0,0.0,0.0
14.55.959864,3.142683,0,0,0.0,0.0
14.55.982907,3.165726,0,0,0.0,0.0
14.55.999877,3.182696,0,0,0.0,0.0
14.56.16839,3.199658,0,0,0.0,0.0
14.56.35877,3.218696,0,0,0.0,0.0
14.56.55853,3.238672,0,0,0.0,0.0
14.56.67823,3.250642,0,0,0.0,0.0
14.56.80853,3.263672,0,0,0.0,0.0
14.56.102909,3.2857279999999998,0,0,0.0,0.0
14.56.130884,3.313703,0,0,0.0,0.0
14.56.147869,3.330688,0,0,0.0,0.0
14.56.160832,3.343651,0,0,0.0,0.0
14.56.173853,3.356672,0,0,0.0,0.0
14.56.187845,3.370664,0,0,0.0,0.0
14.56.202841,3.38566,0,0,0.0,0.0
14.56.217859,3.400678,0,0,0.0,0.0
14.56.239841,3.42266,0,0,0.0,0.0
14.56.259814,3.442633,0,0,0.0,0.0
14.56.270817,3.453636,0,0,0.0,0.0
14.56.283877,3.4666959999999998,0,0,0.0,0.0
14.56.301913,3.484732,0,0,0.0,0.0
14.56.327914,3.510733,0,0,0.0,0.0
14.56.360829,3.543648,0,100,0.0,0.0
14.56.380828,3.563647,0,100,0.0,0.0
14.56.392835,3.575654,0,100,0.0,0.0
14.56.406858,3.589677,0,100,0.0,0.0
14.56.426883,3.609702,0,100,0.0,0.0
14.56.447885,3.630704,0,100,0.0,0.0
14.56.461797,3.644616,0,100,0.0,0.0
14.56.476850,3.659669,0,100,0.0,0.0
14.56.495871,3.67869,0,100,0.0,0.0
14.56.519864,3.702683,0,100,0.0,0.0
14.56.538797,3.721616,0,100,0.0,0.0
14.56.553863,3.736682,0,100,0.0,0.0
14.56.574854,3.757673,0,100,0.0,0.0
14.56.589806,3.772625,0,100,0.0,0.0
14.56.605805,3.788624,0,100,0.0,0.0
14.56.625811,3.80863,0,100,0.0,0.0
14.56.640805,3.823624,0,100,0.0,0.0
14.56.655842,3.838661,0,100,0.0,0.0
14.56.668832,3.851651,0,100,0.0,0.0
14.56.684786,3.867605,0,100,0.0,0.0
14.56.706795,3.889614,0,100,0.0,0.0
14.56.730788,3.913607,0,100,0.0,0.0
14.56.747803,3.930622,0,100,0.0,0.0
14.56.762773,3.945592,0,100,0.0,0.0
14.56.777795,3.960614,0,100,0.0,0.0
14.56.796790,3.979609,0,100,0.0,0.0
14.56.816806,3.999625,0,100,0.0,0.0
14.56.831769,4.014588,0,100,0.0,0.0
14.56.846786,4.029605,0,100,0.0,0.0
14.56.859779,4.042598,0,100,0.0,0.0
14.56.875767,4.058586,0,100,0.0,0.0
14.56.890826,4.073645,0,100,0.0,0.0
14.56.914785,4.097604,0,100,0.0,0.0
14.56.930790,4.113609,0,100,0.0,0.0
14.56.949772,4.132591,0,100,0.0,0.0
14.56.960762,4.143581,0,100,0.0,0.0
14.56.973807,4.156626,0,100,0.0,0.0
14.56.989788,4.172607,0,100,0.0,0.0
14.57.10789,4.193608,0,100,0.0,0.0
14.57.28790,4.211609,0,100,0.0,0.0
14.57.42746,4.225565,0,100,0.0,0.0
14.57.62833,4.245652,0,100,0.0,0.0
14.57.88787,4.271606,0,100,0.0,0.0
14.57.106773,4.289592,0,100,0.0,0.0
14.57.124754,4.307573,0,100,0.0,0.0
14.57.135758,4.318577,0,100,0.0,0.0
14.57.148768,4.331587,0,100,0.0,0.0
14.57.168748,4.351567,0,100,0.0,0.0
14.57.187757,4.370576,0,100,0.0,0.0
14.57.207735,4.390554,0,100,0.0,0.0
14.57.219740,4.402559,0,100,0.0,0.0
14.57.236776,4.419595,0,100,0.0,0.0
14.57.257816,4.440635,0,100,0.0,0.0
14.57.280758,4.463577,0,100,0.0,0.0
14.57.297748,4.480567,0,100,0.0,0.0
14.57.310734,4.493553,0,100,0.0,0.0
14.57.323795,4.506614,0,100,0.0,0.0
14.57.338743,4.521562,0,100,0.0,0.0
14.57.355802,4.538621,0,100,0.0,0.0
14.57.372771,4.55559,0,100,0.0,0.0
14.57.387715,4.570534,0,100,0.0,0.0
14.57.400729,4.583548,0,100,0.0,0.0
14.57.424718,4.607537,0,100,0.0,0.0
14.57.449739,4.632558,0,100,0.0,0.0
14.57.472723,4.655542,0,100,0.0,0.0
14.57.486745,4.669564,0,100,0.0,0.0
14.57.502728,4.685547,0,100,0.0,0.0
14.57.521719,4.704538,0,100,0.0,0.0
14.57.535752,4.718571,0,100,0.0,0.0
14.57.552729,4.735548,0,100,0.0,0.0
14.57.571718,4.754537,0,100,0.0,0.0
14.57.582702,4.765521,0,100,0.0,0.0
14.57.597720,4.780539,0,100,0.0,0.0
14.57.630755,4.813574,0,100,0.0,0.0
14.57.646740,4.829559,0,100,0.0,0.0
14.57.661720,4.844539,0,100,0.0,0.0
14.57.675709,4.858528,0,100,0.0,0.0
14.57.690727,4.873546,0,100,0.0,0.0
14.57.709720,4.892539,0,100,0.0,0.0
14.57.732715,4.915534,0,100,0.0,0.0
14.57.752721,4.93554,0,100,0.0,0.0
14.57.762727,4.945546,0,100,0.0,0.0
14.57.778693,4.961512,0,100,0.0,0.0
14.57.795701,4.97852,0,100,0.0,0.0
14.57.820785,5.003604,0,100,0.0,0.0
14.57.839691,5.02251,0,100,0.0,0.0
14.57.852701,5.03552,0,100,0.0,0.0
14.57.869695,5.052514,0,100,0.0,0.0
14.57.887694,5.070513,0,100,0.0,0.0
14.57.900730,5.083549,0,100,0.0,0.0
14.57.922703,5.105522,0,100,0.0,0.0
14.57.944668,5.127487,0,100,0.0,0.0
14.57.962698,5.145517,0,100,0.0,0.0
14.57.978701,5.16152,0,100,0.0,0.0
14.57.995703,5.178522,0,100,0.0,0.0
14.58.16747,5.199566,0,100,0.0,0.0
14.58.37717,5.220536,0,100,0.0,0.0
14.58.52680,5.235499,0,100,0.0,0.0
14.58.63669,5.246488,0,100,0.0,0.0
14.58.76675,5.259494,0,100,0.0,0.0
14.58.92690,5.275509,0,100,0.0,0.0
14.58.107684,5.290503,0,100,0.0,0.0
14.58.121675,5.304494,0,100,0.0,0.0
14.58.136692,5.319511,0,100,0.0,0.0
14.58.151702,5.334521,0,100,0.0,0.0
14.58.169663,5.352482,0,100,0.0,0.0
14.58.184700,5.367519,0,100,0.0,0.0
14.58.206759,5.389578,0,100,0.0,0.0
14.58.228732,5.411551,0,100,0.0,0.0
14.58.243652,5.426471,0,100,0.0,0.0
14.58.257659,5.440478,0,100,0.0,0.0
14.58.268653,5.451472,0,100,0.0,0.0
14.58.285674,5.4684930000000005,0,100,0.0,0.0
14.58.302662,5.485481,0,100,0.0,0.0
14.58.313655,5.496474,0,100,0.0,0.0
14.58.326725,5.509544,0,100,0.0,0.0
14.58.349637,5.532456,0,100,0.0,0.0
14.58.365669,5.548488,0,100,0.0,0.0
14.58.385678,5.568497,0,100,0.0,0.0
14.58.404748,5.587567,0,100,0.0,0.0
14.58.424676,5.607495,0,100,0.0,0.0
14.58.442646,5.625465,0,100,0.0,0.0
14.58.455664,5.638483,0,100,0.0,0.0
14.58.471645,5.654464,0,100,0.0,0.0
14.58.486635,5.669454,0,100,0.0,0.0
14.58.498656,5.681475,0,100,0.0,0.0
14.58.520695,5.703514,0,100,0.0,0.0
14.58.535619,5.718438,0,100,0.0,0.0
14.58.552640,5.735459,0,100,0.0,0.0
14.58.564658,5.747477,0,100,0.0,0.0
14.58.589691,5.77251,0,100,0.0,0.0
14.58.609641,5.79246,0,100,0.0,0.0
14.58.634631,5.81745,0,100,0.0,0.0
14.58.651648,5.834467,0,100,0.0,0.0
14.58.665641,5.84846,0,100,0.0,0.0
14.58.677643,5.860462,0,100,0.0,0.0
14.58.694639,5.877458,0,100,0.0,0.0
14.58.708640,5.891459,0,100,0.0,0.0
14.58.725626,5.908445,0,100,0.0,0.0
14.58.737695,5.920514,0,100,0.0,0.0
14.58.751605,5.934424,0,100,0.0,0.0
14.58.765626,5.948445,0,100,0.0,0.0
14.58.782613,5.965432,0,100,0.0,0.0
14.58.808630,5.991449,0,100,0.0,0.0
14.58.822610,6.005429,0,100,0.0,0.0
14.58.836680,6.019499,0,100,0.0,0.0
14.58.850652,6.033471,0,100,0.0,0.0
14.58.864626,6.047445,0,100,0.0,0.0
14.58.879632,6.062451,0,100,0.0,0.0
14.58.890599,6.073418,0,100,0.0,0.0
14.58.902607,6.085426,0,100,0.0,0.0
14.58.923707,6.106526,0,100,0.0,0.0
14.58.939590,6.122409,0,100,0.0,0.0
14.58.952604,6.135423,0,100,0.0,0.0
14.58.968584,6.151403,0,100,0.0,0.0
14.58.991668,6.174487,0,100,0.0,0.0
14.59.10604,6.193423,0,100,0.0,0.0
14.59.26607,6.209426,0,100,0.0,0.0
14.59.40603,6.223422,0,100,0.0,0.0
14.59.58594,6.241413,0,100,0.0,0.0
14.59.70575,6.253394,0,100,0.0,0.0
14.59.83593,6.266412,0,100,0.0,0.0
14.59.102585,6.285404,0,100,0.0,0.0
14.59.125597,6.308416,0,100,0.0,0.0
14.59.142591,6.32541,0,100,0.0,0.0
14.59.154629,6.337448,0,100,0.0,0.0
14.59.170584,6.353403,0,100,0.0,0.0
14.59.193606,6.376425,0,100,0.0,0.0
14.59.219597,6.402416,0,100,0.0,0.0
14.59.232590,6.415409,0,100,0.0,0.0
14.59.245587,6.428406,0,100,0.0,0.0
14.59.258584,6.441403,0,100,0.0,0.0
14.59.271578,6.454397,0,100,0.0,0.0
14.59.284590,6.467409,0,100,0.0,0.0
14.59.295579,6.478398,0,100,0.0,0.0
14.59.315609,6.498428,0,100,0.0,0.0
14.59.337581,6.5204,0,100,0.0,0.0
14.59.351583,6.534402,0,100,0.0,0.0
14.59.371590,6.554409,0,100,0.0,0.0
14.59.391634,6.574453,0,100,0.0,0.0
14.59.412564,6.595383,0,100,0.0,0.0
14.59.427603,6.610422,0,100,0.0,0.0
14.59.440578,6.623397,0,100,0.0,0.0
14.59.454575,6.6373940000000005,0,100,0.0,0.0
14.59.467566,6.650385,0,100,0.0,0.0
14.59.483565,6.666384,0,100,0.0,0.0
14.59.499569,6.6823879999999996,0,100,0.0,0.0
14.59.521578,6.704397,0,100,0.0,0.0
14.59.537553,6.720372,0,100,0.0,0.0
14.59.552536,6.735355,0,100,0.0,0.0
14.59.567575,6.750394,0,100,0.0,0.0
14.59.590602,6.773421,0,100,0.0,0.0
14.59.614595,6.797414,0,100,0.0,0.0
14.59.636556,6.819375,0,100,0.0,0.0
14.59.655546,6.838365,0,100,0.0,0.0
14.59.670545,6.853364,0,100,0.0,0.0
14.59.682541,6.86536,0,100,0.0,0.0
14.59.700539,6.883358,0,100,0.0,0.0
14.59.718564,6.901383,0,100,0.0,0.0
14.59.733548,6.916367,0,100,0.0,0.0
14.59.753533,6.936352,0,100,0.0,0.0
14.59.764559,6.947378,0,100,0.0,0.0
14.59.783577,6.966396,0,100,0.0,0.0
14.59.807549,6.990368,0,100,0.0,0.0
14.59.828539,7.011358,0,100,0.0,0.0
14.59.845533,7.028352,0,100,0.0,0.0
14.59.859548,7.042367,0,100,0.0,0.0
14.59.872527,7.055346,0,100,0.0,0.0
14.59.892540,7.075359,0,100,0.0,0.0
14.59.908544,7.091363,0,100,0.0,0.0
14.59.926532,7.109351,0,100,0.0,0.0
14.59.941511,7.12433,0,100,0.0,0.0
14.59.959534,7.142353,0,100,0.0,0.0
14.59.971649,7.154468,0,100,0.0,0.0
14.59.997524,7.180343,0,100,0.0,0.0
15.0.19549,7.202368,0,100,0.0,0.0
15.0.36511,7.21933,0,100,0.0,0.0
15.0.48514,7.231333,0,100,0.0,0.0
15.0.62540,7.245359,0,100,0.0,0.0
15.0.81522,7.264341,0,100,0.0,0.0
15.0.93509,7.276328,0,100,0.0,0.0
15.0.113517,7.296336,0,100,0.0,0.0
15.0.132504,7.315323,0,100,0.0,0.0
15.0.155540,7.338359,0,100,0.0,0.0
15.0.181510,7.364329,0,100,0.0,0.0
15.0.207598,7.390417,0,100,0.0,0.0
15.0.227506,7.410325,0,100,0.0,0.0
15.0.246519,7.4293379999999996,0,100,0.0,0.0
15.0.264503,7.447322,0,100,0.0,0.0
15.0.283498,7.466317,0,100,0.0,0.0
15.0.294501,7.47732,0,100,0.0,0.0
15.0.310513,7.493332,0,100,0.0,0.0
15.0.333544,7.516363,0,100,0.0,0.0
15.0.361513,7.544332,0,100,0.0,0.0
15.0.385489,7.568308,0,100,0.0,0.0
15.0.405579,7.588398,0,100,0.0,0.0
15.0.420511,7.60333,0,100,0.0,0.0
15.0.437477,7.620296,0,100,0.0,0.0
15.0.450507,7.633326,0,100,0.0,0.0
15.0.465472,7.648291,0,100,0.0,0.0
15.0.481476,7.664295,0,100,0.0,0.0
15.0.499534,7.682353,0,100,0.0,0.0
15.0.521489,7.704308,0,100,0.0,0.0
15.0.543483,7.7263020000000004,0,100,0.0,0.0
15.0.571494,7.754313,0,100,0.0,0.0
15.0.595513,7.778332,0,100,0.0,0.0
15.0.612482,7.795301,0,100,0.0,0.0
15.0.627477,7.810296,0,100,0.0,0.0
15.0.639460,7.822279,0,100,0.0,0.0
15.0.650479,7.833298,0,100,0.0,0.0
15.0.665477,7.848296,0,100,0.0,0.0
15.0.676444,7.859263,0,100,0.0,0.0
15.0.691459,7.874278,0,100,0.0,0.0
15.0.713517,7.896336,0,100,0.0,0.0
15.0.734508,7.917327,0,100,0.0,0.0
15.0.753526,7.936345,0,100,0.0,0.0
15.0.768510,7.951329,0,100,0.0,0.0
15.0.781460,7.964279,0,100,0.0,0.0
15.0.795501,7.97832,0,100,0.0,0.0
15.0.811455,7.994274,0,100,0.0,0.0
15.0.824443,8.007262,0,100,0.0,0.0
15.0.840448,8.023267,0,100,0.0,0.0
15.0.856473,8.039292,0,100,0.0,0.0
15.0.872445,8.055264,0,100,0.0,0.0
15.0.891460,8.074279,0,100,0.0,0.0
15.0.917452,8.100271,0,100,0.0,0.0
15.0.941443,8.124262,0,100,0.0,0.0
15.0.956442,8.139261,0,100,0.0,0.0
15.0.968461,8.15128,0,100,0.0,0.0
15.0.983444,8.166263,0,100,0.0,0.0
15.0.999450,8.182269,0,100,0.0,0.0
15.1.30422,8.213241,0,100,0.0,0.0
15.1.54474,8.237293,0,100,0.0,0.0
15.1.70462,8.253281,0,100,0.0,0.0
15.1.95441,8.27826,0,100,0.0,0.0
15.1.123445,8.306264,0,100,0.0,0.0
15.1.145426,8.328245,0,100,0.0,0.0
15.1.162444,8.345263,0,100,0.0,0.0
15.1.182411,8.36523,0,100,0.0,0.0
15.1.193439,8.376258,0,100,0.0,0.0
15.1.215468,8.398287,0,100,0.0,0.0
15.1.250462,8.433281000000001,0,100,2.4,0.06
15.1.291480,8.474299,0,100,6.2,0.75
15.1.326433,8.509252,0,100,5.4,0.62
15.1.346425,8.529244,0,100,8.0,1.12
15.1.366399,8.549218,0,100,10.7,1.78
15.1.383431,8.56625,0,100,13.4,2.57
15.1.406490,8.589309,7,100,14.0,2.57
15.1.428424,8.611243,18,100,14.3,2.38
15.1.458458,8.641277,27,100,13.4,1.78
15.1.493407,8.676226,30,100,12.7,1.65
15.1.512386,8.695205,26,100,11.8,1.46
15.1.530411,8.71323,23,100,12.7,1.75
15.1.551414,8.734233,26,100,13.5,1.78
15.1.573391,8.75621,31,100,14.5,2.02
15.1.596406,8.779225,35,100,14.1,1.93
15.1.634489,8.817308,37,100,13.9,1.63
15.1.660433,8.843252,36,100,15.0,1.85
15.1.686389,8.869208,36,100,14.9,1.85
15.1.707395,8.890214,40,100,15.5,1.88
15.1.734374,8.917193,42,100,15.9,1.91
15.1.754365,8.937184,45,100,15.1,1.83
15.1.780372,8.963191,45,100,15.8,1.91
15.1.819403,9.002222,48,100,15.0,1.79
15.1.845398,9.028217,46,100,16.4,1.93
15.1.863368,9.046187,50,100,16.3,1.98
15.1.881347,9.064166,51,100,16.7,1.88
15.1.901363,9.084182,53,100,17.0,2.05
15.1.922355,9.105174,56,100,16.4,1.79
15.1.943339,9.126158,53,100,16.3,1.88
15.1.973405,9.156224,55,100,15.7,1.74
15.1.999372,9.182191,54,100,17.6,1.99
15.2.25431,9.20825,58,100,17.2,2.0
15.2.46365,9.229184,60,100,17.9,1.94
15.2.65353,9.248172,62,100,17.4,1.92
15.2.90375,9.273194,63,100,17.5,1.84
15.2.111346,9.294165,61,100,17.1,1.89
15.2.135348,9.318167,64,100,17.5,1.84
15.2.164334,9.347153,63,100,18.3,2.0
15.2.201376,9.384195,67,100,18.1,1.86
15.2.232327,9.415146,67,100,18.9,1.95
15.2.248330,9.431149,70,100,17.9,1.92
15.2.274338,9.457157,71,100,18.6,2.03
15.2.291326,9.474145,72,100,18.0,1.74
15.2.317353,9.500172,71,100,19.0,1.94
15.2.339316,9.522135,72,100,18.3,1.86
15.2.375386,9.558205,73,100,19.1,2.01
15.2.404380,9.587199,74,100,19.5,1.95
15.2.430312,9.613131,76,100,19.8,1.93
15.2.449322,9.632141,78,100,18.7,1.84
15.2.471320,9.654139,77,100,18.9,1.86
15.2.489346,9.672165,79,100,18.7,1.74
15.2.522291,9.70511,78,100,20.0,1.9
15.2.547330,9.730149,81,100,19.2,1.83
15.2.584307,9.767126,81,100,19.8,1.92
15.2.606289,9.789108,82,100,18.8,1.76
15.2.623318,9.806137,81,100,20.2,1.89
15.2.639314,9.822133000000001,83,100,19.0,1.83
15.2.661311,9.84413,83,100,19.9,1.93
15.2.680280,9.863099,84,100,19.4,1.79
15.2.707294,9.890113,83,100,19.7,1.84
15.2.727281,9.9101,85,100,19.4,1.82
15.2.755312,9.938131,85,100,20.3,1.92
15.2.785316,9.968135,87,100,19.6,1.71
15.2.808272,9.991091,86,100,20.6,1.9
15.2.827302,10.010121,86,100,19.6,1.77
15.2.847281,10.0301,87,100,20.7,1.88
15.2.865296,10.048115,87,100,20.8,1.93
15.2.901285,10.084104,89,100,19.7,1.72
15.2.925277,10.108096,88,100,20.4,1.92
15.2.951284,10.134103,89,100,19.8,1.75
15.2.972280,10.155099,88,100,21.2,1.98
15.2.991275,10.174094,90,100,20.3,1.81
15.3.13284,10.196103,90,100,21.1,1.97
15.3.41249,10.224068,92,100,20.1,1.74
15.3.71260,10.254079,91,100,20.9,1.92
15.3.96265,10.279084,92,100,20.1,1.71
15.3.131290,10.314109,91,100,21.2,1.94
15.3.157282,10.340101,92,100,20.9,1.83
15.3.174245,10.357064,93,100,20.9,1.88
15.3.196247,10.379066,93,100,20.8,1.83
15.3.224282,10.407101,94,100,19.8,1.72
15.3.249320,10.432139,93,100,20.4,1.91
15.3.273263,10.456082,94,100,20.1,1.72
15.3.294247,10.477066,93,100,21.6,1.91
15.3.318238,10.501057,94,100,20.9,1.83
15.3.336252,10.519071,95,100,21.6,1.92
15.3.361260,10.544079,96,100,21.1,1.82
15.3.378294,10.561113,96,100,20.6,1.71
15.3.413250,10.596069,96,100,20.8,1.73
15.3.452228,10.635047,94,100,20.9,1.83
15.3.473252,10.656071,95,100,21.7,1.91
15.3.500235,10.683054,96,100,22.0,1.97
15.3.519238,10.702057,99,100,20.5,1.72
15.3.541288,10.724107,98,100,20.9,1.82
15.3.565239,10.748058,98,100,19.9,1.67
15.3.592221,10.77504,96,100,21.3,1.91
15.3.631272,10.814091,96,100,21.3,1.82
15.3.662200,10.845019,97,100,21.8,1.92
15.3.681218,10.864037,98,100,21.5,1.85
15.3.704203,10.887022,98,100,21.3,1.84
15.3.721229,10.904048,100,100,20.6,1.73
15.3.741209,10.924028,98,100,21.4,1.9
15.3.756241,10.93906,99,100,20.6,1.75
15.3.777267,10.960086,97,100,21.5,1.82
15.3.802328,10.985147,100,100,21.0,1.8
15.3.834236,11.017055,98,100,22.6,1.99
15.3.859194,11.042013,100,100,20.8,1.75
15.3.878198,11.061017,99,100,21.7,1.86
15.3.902193,11.085012,100,100,21.0,1.71
15.3.927242,11.110061,99,100,22.1,1.92
15.3.955186,11.138005,100,100,21.3,1.74
15.3.980193,11.163012,99,100,22.1,1.94
15.4.10177,11.192996,99,100,21.2,1.76
15.4.33177,11.215996,98,100,21.9,1.93
15.4.54183,11.237002,100,100,22.2,1.85
15.4.80178,11.262997,100,100,22.3,1.96
15.4.104161,11.28698,101,100,20.7,1.74
15.4.129199,11.312018,100,100,21.7,1.85
15.4.154166,11.336985,100,100,21.9,1.84
15.4.183218,11.366037,100,100,21.2,1.84
15.4.212190,11.395009,100,100,21.2,1.84
15.4.231169,11.413988,100,100,21.4,1.84
15.4.250166,11.432985,101,100,21.6,1.84
15.4.270159,11.452978,101,100,22.6,1.91
15.4.290147,11.472966,102,100,21.0,1.75
15.4.311195,11.494014,101,100,21.1,1.83
15.4.334183,11.517002,101,100,21.2,1.73
15.4.366178,11.548997,101,100,21.1,1.82
15.4.392178,11.574997,102,100,21.1,1.82
15.4.416152,11.598971,102,100,21.6,1.82
15.4.435155,11.617974,101,100,21.4,1.83
15.4.456140,11.638959,101,100,21.0,1.76
15.4.477155,11.659974,101,100,22.5,1.92
15.4.504157,11.686976,102,100,21.9,1.83
15.4.528176,11.710995,102,100,22.0,1.83
15.4.560208,11.743027,103,100,21.1,1.72
15.4.584162,11.766981,102,100,21.4,1.82
15.4.606148,11.788967,102,100,20.6,1.72
15.4.633116,11.815935,101,100,21.8,1.92
15.4.653126,11.835945,101,100,21.8,1.85
15.4.680120,11.862939,101,100,21.5,1.84
15.4.703152,11.885971,101,100,21.6,1.84
15.4.734159,11.916978,102,100,21.7,1.83
15.4.761134,11.943953,103,100,21.7,1.83
15.4.778120,11.960939,102,100,21.2,1.77
15.4.797132,11.979951,101,100,21.2,1.75
15.4.817116,11.999935,101,100,22.3,1.91
15.4.837139,12.019958,102,100,22.3,1.93
15.4.859177,12.041996,104,100,22.2,1.83
15.4.888147,12.070966,103,100,21.4,1.75
15.4.922134,12.104953,102,100,20.9,1.73
15.4.954126,12.136945,103,100,21.9,1.82
15.4.974103,12.156922,102,100,22.4,1.92
15.4.990109,12.172928,103,100,21.3,1.76
15.5.21118,12.203937,102,100,22.3,1.9
15.5.41088,12.223907,103,100,21.4,1.73
15.5.60103,12.242922,103,100,22.1,1.83
15.5.94158,12.276977,103,100,21.4,1.73
15.5.122126,12.304945,103,100,21.9,1.82
15.5.153099,12.335918,103,100,21.6,1.83
15.5.176105,12.358924,103,100,22.0,1.82
15.5.195096,12.377915,103,100,21.6,1.82
15.5.213098,12.395917,102,100,21.7,1.84
15.5.233079,12.415898,102,100,21.3,1.78
15.5.254101,12.43692,102,100,22.7,1.94
15.5.283147,12.465966,102,100,21.5,1.85
15.5.313113,12.495932,103,100,21.5,1.84
15.5.340061,12.52288,104,100,21.7,1.83
15.5.360073,12.542892,103,100,21.3,1.76
15.5.382073,12.564892,102,100,21.0,1.78
15.5.399062,12.581881,101,100,22.0,1.93
15.5.425097,12.607916,102,100,21.6,1.84
15.5.450067,12.632886,102,100,22.8,1.94
15.5.510075,12.692894,105,100,21.7,1.72
15.5.530057,12.712876,103,100,21.0,1.77
15.5.548066,12.730885,102,100,21.0,1.74
15.5.572043,12.754862,101,100,22.5,1.9
15.5.594048,12.776867,103,100,21.9,1.84
15.5.619051,12.80187,103,100,22.5,1.93
15.5.641069,12.823888,104,100,21.7,1.73
15.5.673090,12.855909,103,100,21.9,1.82
15.5.707058,12.889877,104,100,22.2,1.76
15.5.737055,12.919874,103,100,22.0,1.84
15.5.758034,12.940853,103,100,21.5,1.76
15.5.783021,12.96584,102,100,22.6,1.9
15.5.804039,12.986858,104,100,21.9,1.84
15.5.826020,13.008839,104,100,22.6,1.91
15.5.853056,13.035875,105,100,21.5,1.72
15.5.878030,13.060849,103,100,21.4,1.74
15.5.897031,13.07985,102,100,21.5,1.83
15.5.921090,13.103909,102,100,22.5,1.92
15.5.940010,13.122829,103,100,21.9,1.85
15.5.958004,13.140823,102,100,22.7,1.94
15.5.978118,13.160937,104,100,21.0,1.7
15.6.11024,13.193843,102,100,22.9,2.01
15.6.47015,13.229834,104,100,21.3,1.68
15.6.73030,13.255849,103,100,22.1,1.84
15.6.95015,13.277834,103,100,21.0,1.76
15.6.113021,13.29584,103,100,22.2,1.9
15.6.135005,13.317824,103,100,21.7,1.83
15.6.153051,13.33587,103,100,21.4,1.84
15.6.188020,13.370839,104,100,21.7,1.83
15.6.210007,13.392826,104,100,21.2,1.71
15.6.236071,13.41889,103,100,21.6,1.71
15.6.260007,13.442826,102,100,21.3,1.82
15.6.279012,13.461831,102,100,22.2,1.91
15.6.301990,13.484809,103,100,21.7,1.83
15.6.321020,13.503839,103,100,21.5,1.83
15.6.341990,13.524809,103,100,21.9,1.84
15.6.363001,13.54582,103,100,21.4,1.75
15.6.401001,13.58382,103,100,21.2,1.82
15.6.432986,13.615805,103,100,22.0,1.83
15.6.453988,13.636807,103,100,21.6,1.83
15.6.470995,13.653814,102,100,21.6,1.84
15.6.495988,13.678807,103,100,21.0,1.74
15.6.520997,13.703816,102,100,22.1,1.94
15.6.543969,13.726787999999999,103,100,21.8,1.84
15.6.577988,13.760807,103,100,21.9,1.84
15.6.606983,13.789802,103,100,21.8,1.81
15.6.636964,13.819783,102,100,21.4,1.83
15.6.666963,13.849782,103,100,21.9,1.83
15.6.700987,13.883806,103,100,22.4,1.84
15.6.744970,13.927789,104,100,21.8,1.82
15.6.787940,13.970759,104,100,20.8,1.76
15.6.812884,13.995703,103,100,21.1,1.71
15.6.838288,14.021107,102,100,21.3,1.82
15.6.865942,14.048761,103,100,21.9,1.92
15.6.893951,14.07677,103,100,21.9,1.83
15.6.932958,14.115777,104,100,21.2,1.74
15.6.954990,14.137809,102,100,21.4,1.82
15.6.978924,14.161743,102,100,21.0,1.77
15.7.11013,14.193832,102,100,22.9,1.98
15.7.34962,14.217781,104,100,22.0,1.83
15.7.88951,14.27177,104,100,22.1,1.84
15.7.110930,14.293749,104,100,21.5,1.77
15.7.129941,14.31276,102,100,21.4,1.82
15.7.151919,14.334738,102,100,21.0,1.75
15.7.166939,14.349758,101,100,22.4,1.96
15.7.203915,14.386734,104,100,20.8,1.73
15.7.236933,14.419752,102,100,21.7,1.85
15.7.258925,14.441744,103,100,21.4,1.75
15.7.281949,14.464768,102,100,22.2,1.89
15.7.306918,14.489737,103,100,21.0,1.74
15.7.328916,14.511735,103,100,22.8,1.92
15.7.346890,14.529709,103,100,21.0,1.75
15.7.378896,14.561715,103,100,21.6,1.83
15.7.406967,14.589786,103,100,22.0,1.83
15.7.467889,14.650708,103,100,21.4,1.83
15.7.486939,14.669758,103,100,21.0,1.76
15.7.503903,14.686722,102,100,21.9,1.83
15.7.523918,14.706737,102,100,22.0,1.84
15.7.550949,14.733768,102,100,23.0,1.95
15.7.613894,14.796713,104,100,21.5,1.83
15.7.634894,14.817713,103,100,20.8,1.73
15.7.653877,14.836696,101,100,21.7,1.82
15.7.669894,14.852713,102,100,21.4,1.83
15.7.687890,14.870709,102,100,22.1,1.94
15.7.707879,14.890698,103,100,21.3,1.79
15.7.731864,14.914683,103,100,21.4,1.84
15.7.750901,14.93372,102,100,21.1,1.75
15.7.778888,14.961707,102,100,21.5,1.83
15.7.874858,15.057677,102,100,22.2,1.91
15.7.892863,15.075682,103,100,21.4,1.78
15.7.914856,15.097675,103,100,21.9,1.83
15.7.936852,15.119671,103,100,21.3,1.72
15.7.959869,15.142688,103,100,21.7,1.83
15.8.13885,15.196704,102,100,21.8,1.83
15.8.34851,15.21767,102,100,22.1,1.83
15.8.56850,15.239669,103,100,21.6,1.83
15.8.77829,15.260648,103,100,21.7,1.82
15.8.99877,15.282696,103,100,21.5,1.83
15.8.124839,15.307658,103,100,21.2,1.72
15.8.156965,15.339784,102,100,22.0,1.84
15.8.186826,15.369645,101,100,21.9,1.85
15.8.205852,15.388671,102,100,22.5,1.94
15.8.227837,15.410656,103,100,22.6,1.92
15.8.245822,15.428641,104,100,21.0,1.77
15.8.268809,15.451628,103,100,21.0,1.77
15.8.290810,15.473629,102,100,21.3,1.73
15.8.312841,15.49566,101,100,21.3,1.84
15.8.379805,15.562624,101,100,22.2,1.91
15.8.398821,15.58164,103,100,23.0,1.94
15.8.423847,15.606666,104,100,22.3,1.85
15.8.443808,15.626627,104,100,21.3,1.73
15.8.476889,15.659708,101,100,21.7,1.75
15.8.520808,15.703627000000001,102,100,22.3,1.9
15.8.538802,15.721621,103,100,22.5,1.91
15.8.558822,15.741641,103,100,21.9,1.83
15.8.577797,15.760616,103,100,21.3,1.77
15.8.596842,15.779661,102,100,21.5,1.74
15.8.617786,15.800605000000001,102,100,22.2,1.83
15.8.640791,15.82361,102,100,22.3,1.93
15.8.671845,15.854664,102,100,21.8,1.84
15.8.703817,15.886636,103,100,21.2,1.83
15.8.724795,15.907614,102,100,21.8,1.85
15.8.742793,15.925612,102,100,21.6,1.76
15.8.761787,15.944606,102,100,21.9,1.83
15.8.778790,15.961609,102,100,21.6,1.84
15.8.801848,15.984667,102,100,21.7,1.84
15.8.825783,16.008602,102,100,21.9,1.84
15.8.897770,16.080589,102,100,21.4,1.84
15.8.924795,16.107614,102,100,21.7,1.84
15.8.945767,16.128586,102,100,21.5,1.84
15.8.968779,16.151598,102,100,21.3,1.85
15.8.999773,16.182592,103,100,21.9,1.83
15.9.35804,16.218623,102,100,21.6,1.74
15.9.64777,16.247596,102,100,21.5,1.84
15.9.82772,16.265591,102,100,21.6,1.84
15.9.107780,16.290599,102,100,22.0,1.84
15.9.127760,16.310579,103,100,21.6,1.83
15.9.148822,16.331641,103,100,22.0,1.82
15.9.168748,16.351567,103,100,20.8,1.72
15.9.194806,16.377625,102,100,22.0,1.82
15.9.231790,16.414609,101,100,21.6,1.83
15.9.274744,16.457563,102,100,22.7,1.93
15.9.293761,16.47658,104,100,21.8,1.83
15.9.316734,16.499553,104,100,21.6,1.82
15.9.334781,16.5176,102,100,20.5,1.68
15.9.370731,16.55355,101,100,21.3,1.73
15.9.400763,16.583582,100,100,22.4,1.94
15.9.430744,16.613563,102,100,22.2,1.93
15.9.448749,16.631568,103,100,21.7,1.85
15.9.470733,16.653552,103,100,21.6,1.78
15.9.487740,16.670559,102,100,21.1,1.76
15.9.516706,16.699525,101,100,21.8,1.84
15.9.532717,16.715536,101,100,22.2,1.94
15.9.564758,16.747577,103,100,22.1,1.84
15.9.590718,16.773537,103,100,21.9,1.84
15.9.618772,16.801591,103,100,21.4,1.75
15.9.638731,16.82155,102,100,21.3,1.73
15.9.656698,16.839517,101,100,21.7,1.83
15.9.672724,16.855543,100,100,22.6,1.94
15.9.694770,16.877589,102,100,21.5,1.84
15.9.715731,16.89855,103,100,22.5,1.94
15.9.748725,16.931544,103,100,21.1,1.73
15.9.788748,16.971567,102,100,21.5,1.73
15.9.819700,17.002519,101,100,21.4,1.84
15.9.841701,17.02452,101,100,21.9,1.85
15.9.858710,17.041529,102,100,22.6,1.93
15.9.882675,17.065494,103,100,21.9,1.83
15.9.904768,17.087587,103,100,21.5,1.78
15.9.947685,17.130504,102,100,21.2,1.74
15.9.985729,17.168548,101,100,21.6,1.85
15.10.17686,17.200505,101,100,22.1,1.94
15.10.37704,17.220523,102,100,22.1,1.85
15.10.58676,17.241495,102,100,22.5,1.91
15.10.80673,17.263492,103,100,21.5,1.77
15.10.106681,17.2895,102,100,22.2,1.85
15.10.141787,17.324606,102,100,21.3,1.73
15.10.177694,17.360513,102,100,22.1,1.84
15.10.198683,17.381502,102,100,21.7,1.83
15.10.221697,17.404516,102,100,21.3,1.83
15.10.238683,17.421502,101,100,21.3,1.85
15.10.258643,17.441462,101,100,22.1,1.85
15.10.281648,17.464467,102,100,22.2,1.94
15.10.307647,17.490466,103,100,21.6,1.84
15.10.335752,17.518571,103,100,20.8,1.73
15.10.364659,17.547478,103,100,21.2,1.73
15.10.390643,17.573462,102,100,21.4,1.82
15.10.478645,17.661464,100,100,21.6,1.85
15.10.498655,17.681474,101,100,22.8,1.95
15.10.522642,17.705461,102,100,22.2,1.93
15.10.545640,17.728459,103,100,21.5,1.76
15.10.568626,17.751445,103,100,21.5,1.74
15.10.631641,17.81446,101,100,21.1,1.74
15.10.652640,17.835459,100,100,22.1,1.94
15.10.673625,17.856444,101,100,21.5,1.85
15.10.690640,17.873459,102,100,22.3,1.93
15.10.721613,17.904432,102,100,22.1,1.86
15.10.741641,17.92446,103,100,21.2,1.75
15.10.770674,17.953493,101,100,21.5,1.84
15.10.814698,17.997517,102,100,21.4,1.74
15.10.839615,18.022434,102,100,22.5,1.9
15.10.855618,18.038437,103,100,21.1,1.75
15.10.872625,18.055444,101,100,21.7,1.84
15.10.893606,18.076425,101,100,20.7,1.75
15.10.915586,18.098405,101,100,22.3,1.94
15.10.948602,18.131421,103,100,21.3,1.84
15.11.8049,18.190868000000002,103,100,21.3,1.74
15.11.30603,18.213422,102,100,21.2,1.76
15.11.49595,18.232414,101,100,21.6,1.83
15.11.76659,18.259478,102,100,21.7,1.83
15.11.95631,18.27845,101,100,22.2,1.94
15.11.117578,18.300397,101,100,21.0,1.74
15.11.147620,18.330439,101,100,22.1,1.94
15.11.181603,18.364422,102,100,21.9,1.84
15.11.200598,18.383417,102,100,21.1,1.75
15.11.220607,18.403426,101,100,21.8,1.84
15.11.243571,18.42639,101,100,21.3,1.84
15.11.266612,18.449431,102,100,21.3,1.83
15.11.291587,18.474406,102,100,21.5,1.83
15.11.320641,18.50346,102,100,21.6,1.83
15.11.369583,18.552402,102,100,21.9,1.83
15.11.392578,18.575397,102,100,20.6,1.75
15.11.412565,18.595384,100,100,21.2,1.84
15.11.430562,18.613381,101,100,21.6,1.84
15.11.452604,18.635423,101,100,22.4,1.98
15.11.474558,18.657377,103,100,21.1,1.75
15.11.495596,18.678415,102,100,21.8,1.84
15.11.528583,18.711402,102,100,20.9,1.71
15.11.556556,18.739375,100,100,22.3,1.93
15.11.576550,18.759369,101,100,21.9,1.85
15.11.614570,18.797389,102,100,22.1,1.91
15.11.632556,18.815375,102,100,20.5,1.74
15.11.655539,18.838358,101,100,21.9,1.84
15.11.677536,18.860355,101,100,20.7,1.76
15.11.708639,18.891458,100,100,21.6,1.85
15.11.798539,18.981358,101,100,21.9,1.85
15.11.821518,19.004337,101,100,21.6,1.85
15.11.839526,19.022345,102,100,21.5,1.84
15.11.860540,19.043359,102,100,21.7,1.84
15.11.944523,19.127342,101,100,21.4,1.79
15.11.964505,19.147324,101,100,21.5,1.83
15.11.982532,19.165351,102,100,21.8,1.9
15.12.3516,19.186335,102,100,21.7,1.85
15.12.19543,19.202362,102,100,21.2,1.75
15.12.44496,19.227315,101,100,21.4,1.85
15.12.64519,19.247338,101,100,22.0,1.84
15.12.94589,19.277408,101,100,21.2,1.84
15.12.133518,19.316337,102,100,21.7,1.84
15.12.162518,19.345337,101,100,21.7,1.84
15.12.199512,19.382331,102,100,21.5,1.83
15.12.217523,19.400342,101,100,21.8,1.85
15.12.239544,19.422363,101,100,21.1,1.75
15.12.264481,19.4473,100,100,22.3,1.92
15.12.285491,19.46831,101,100,21.6,1.84
15.12.369498,19.552317,102,100,22.2,1.95
15.12.391489,19.574308,102,100,20.5,1.75
15.12.411476,19.594295,101,100,21.4,1.83
15.12.429480,19.612299,101,100,21.6,1.84
15.12.452458,19.635277,101,100,21.6,1.84
15.12.478495,19.661314,101,100,21.7,1.85
15.12.511474,19.694293,101,100,21.9,1.84
15.12.533484,19.716303,101,100,21.4,1.85
15.12.558481,19.7413,101,100,22.0,1.84
15.12.600466,19.783285,102,100,21.6,1.83
15.12.617474,19.800293,102,100,21.7,1.83
15.12.646462,19.829281,102,100,21.1,1.76
15.12.667485,19.850304,101,100,21.2,1.82
15.12.690457,19.873276,101,100,21.5,1.83
15.12.767434,19.950253,101,100,21.8,1.91
15.12.794580,19.977399,102,100,21.9,1.84
15.12.834440,20.017259,101,100,21.7,1.84
15.12.859483,20.042302,101,100,21.0,1.74
15.12.879456,20.062275,100,100,21.7,1.85
15.12.921460,20.104279,101,100,21.8,1.84
15.12.942432,20.125251,101,100,22.4,1.92
15.12.959420,20.142239,102,100,20.9,1.74
15.12.993454,20.176273,101,100,22.6,1.94
15.13.36548,20.219367,102,100,21.7,1.81
15.13.99538,20.282357,100,100,21.8,1.85
15.13.128445,20.311264,101,100,21.6,1.85
15.13.157424,20.340243,102,100,22.3,1.92
15.13.174430,20.357249,102,100,21.4,1.79
15.13.193430,20.376249,102,100,21.1,1.74
15.13.218420,20.401239,101,100,22.0,1.83
15.13.295461,20.47828,101,100,21.7,1.81
15.13.326408,20.509227,102,100,22.4,1.88
15.13.343432,20.526251,102,100,21.3,1.74
15.13.363419,20.546238,102,100,21.9,1.8
15.13.379407,20.562226,103,100,21.4,1.8
15.13.403413,20.586232,103,100,21.4,1.79
15.13.427419,20.610238,103,100,20.3,1.71
15.13.451391,20.63421,101,100,21.3,1.79
15.13.481445,20.664264,102,100,20.9,1.69
15.13.503410,20.686229,101,100,22.3,1.91
15.13.524390,20.707209,102,100,20.8,1.75
15.13.540411,20.72323,101,100,22.4,1.9
15.13.563445,20.746264,102,100,21.4,1.71
15.13.582379,20.765198,101,100,22.3,1.91
15.13.616464,20.799283,102,100,21.1,1.71
15.13.662399,20.845218,100,100,21.8,1.83
15.13.683378,20.866197,101,100,21.9,1.82
15.13.703405,20.886224,102,100,21.8,1.92
15.13.722369,20.905188,102,100,21.1,1.81
15.13.740352,20.923171,101,100,20.9,1.75
15.13.767374,20.950193,101,100,20.9,1.71
15.13.800593,20.983412,101,100,22.2,1.89
15.13.830386,21.013205,102,100,21.7,1.81
15.13.850381,21.0332,102,100,21.6,1.81
15.13.874385,21.057204,102,100,21.4,1.7
15.13.894352,21.077171,101,100,21.4,1.8
15.13.918358,21.101177,101,100,21.5,1.79
15.13.945421,21.12824,102,100,22.1,1.88
15.13.966383,21.149202,102,100,21.4,1.79
15.14.24388,21.207207,103,100,20.9,1.73
15.14.40342,21.223161,101,100,20.7,1.72
15.14.60359,21.243178,100,100,20.4,1.71
15.14.79353,21.262172,99,100,21.9,1.89
15.14.100374,21.283193,102,100,22.4,1.91
15.14.117405,21.300224,103,100,22.4,1.9
15.14.148391,21.33121,103,100,20.8,1.65
15.14.171347,21.354166,101,100,21.3,1.7
15.14.197375,21.380194,100,100,21.4,1.71
15.14.224329,21.407148,99,100,22.3,1.92
15.14.340310,21.523129,101,100,22.2,1.91
15.14.364327,21.547146,102,100,21.0,1.72
15.14.387345,21.570164,100,100,21.5,1.83
15.14.412299,21.595118,101,100,20.4,1.76
15.14.431303,21.614122,99,100,22.1,1.94
15.14.456318,21.639137,100,100,20.2,1.74
15.14.487330,21.670149,100,100,22.0,2.01
15.14.527307,21.710126,101,100,20.8,1.76
15.14.550318,21.733137,100,100,21.8,1.85
15.14.572293,21.755112,100,100,21.3,1.74
15.14.595309,21.778128,100,100,22.8,1.91
15.14.623297,21.806116,101,100,21.9,1.84
15.14.650311,21.83313,100,100,21.8,1.84
15.14.680301,21.86312,101,100,21.3,1.82
15.14.711308,21.894127,102,100,21.6,1.81
15.14.731283,21.914102,101,100,21.0,1.75
15.14.749310,21.932129,100,100,21.0,1.73
15.14.772300,21.955119,100,100,21.8,1.88
15.14.791290,21.974109,101,100,22.4,1.92
15.14.818304,22.001123,101,100,21.8,1.83
15.14.849730,22.032549,101,100,20.5,1.71
15.14.880329,22.063148,101,100,21.7,1.8
15.14.906277,22.089096,101,100,21.1,1.81
15.14.923291,22.10611,100,100,21.5,1.83
15.14.952279,22.135098,100,100,21.3,1.83
15.14.972285,22.155104,100,100,22.5,1.95
15.14.991246,22.174065,101,100,22.0,1.84
15.15.27327,22.210146,101,100,21.6,1.84
15.15.101291,22.28411,101,100,20.8,1.73
15.15.125257,22.308076,100,100,21.4,1.84
15.15.147313,22.330132,100,100,21.0,1.85
15.15.166270,22.349089,99,100,21.3,1.86
15.15.204336,22.387155,101,100,21.6,1.84
15.15.259250,22.442069,101,100,22.5,1.94
15.15.283272,22.466091,102,100,20.8,1.74
15.15.300247,22.483066,101,100,21.4,1.82
15.15.319245,22.502064,101,100,20.7,1.73
15.15.341273,22.524092,100,100,21.9,1.93
15.15.362229,22.545048,101,100,20.9,1.73
15.15.385248,22.568067,100,100,22.3,1.93
15.15.416252,22.599071,101,100,20.7,1.73
15.15.444249,22.627068,100,100,21.6,1.9
15.15.466230,22.649049,101,100,21.3,1.74
15.15.493265,22.676084,100,100,22.3,1.91
15.15.511225,22.694044,101,100,21.4,1.75
15.15.542239,22.725058,100,100,21.9,1.92
15.15.567211,22.75003,101,100,20.8,1.73
15.15.597276,22.780095,101,100,21.3,1.81
15.15.644235,22.827054,102,100,20.8,1.73
15.15.664227,22.847046,100,100,21.7,1.82
15.15.680212,22.863031,101,100,21.2,1.75
15.15.701237,22.884056,100,100,22.1,1.91
15.15.718213,22.901032,102,100,20.8,1.78
15.15.741196,22.924015,101,100,22.0,1.91
15.15.764228,22.947047,101,100,20.3,1.64
15.15.798237,22.981056,101,100,21.9,1.92
15.15.818218,23.001037,101,100,21.1,1.82
15.15.850171,23.03299,101,100,21.7,1.81
15.15.873224,23.056043,101,100,21.2,1.81
15.15.906259,23.089078,101,100,21.7,1.83
15.15.938280,23.121099,101,100,21.8,1.82
15.15.961190,23.144009,101,100,21.5,1.83
15.15.995171,23.17799,101,100,21.6,1.81
15.16.16207,23.199026,102,100,20.7,1.7
15.16.34221,23.21704,100,100,21.8,1.91
15.16.64180,23.246999,102,100,20.6,1.68
15.16.98186,23.281005,100,100,22.2,1.94
15.16.148192,23.331011,102,100,21.2,1.71
15.16.169161,23.35198,101,100,21.5,1.79
15.16.187213,23.370032,101,100,20.4,1.71
15.16.208175,23.390994,100,100,21.7,1.87
15.16.229162,23.411981,101,100,21.5,1.8
15.16.308159,23.490978,101,100,22.0,1.87
15.16.329171,23.51199,101,100,21.1,1.75
15.16.354152,23.536971,100,100,21.7,1.81
15.16.373195,23.556014,101,100,21.9,1.81
15.16.392137,23.574956,102,100,22.2,1.86
15.16.413189,23.596008,103,100,21.0,1.69
15.16.445142,23.627961,101,100,20.8,1.71
15.16.474200,23.657019,100,100,20.5,1.71
15.16.502148,23.684967,99,100,21.7,1.9
15.16.527140,23.709959,100,100,21.6,1.82
15.16.549142,23.731961,100,100,22.1,1.89
15.16.568152,23.750971,101,100,21.2,1.73
15.16.592124,23.774943,100,100,21.4,1.82
15.16.621206,23.804025,100,100,21.3,1.73
15.16.690164,23.872983,100,100,22.2,1.89
15.16.707117,23.889936,101,100,21.1,1.82
15.16.725147,23.907966,100,100,22.2,1.92
15.16.748128,23.930947,101,100,21.4,1.76
15.16.781158,23.963977,100,100,21.8,1.9
15.16.803105,23.985924,101,100,21.5,1.81
15.16.834153,24.016972,101,100,21.1,1.8
15.16.861133,24.043952,102,100,20.6,1.71
15.16.882100,24.064919,101,100,21.3,1.78
15.16.900119,24.082938,101,100,20.5,1.69
15.16.922114,24.104933,99,100,21.9,1.88
15.16.940086,24.122905,101,100,21.7,1.81
15.16.961146,24.143965,101,100,22.9,1.97
15.16.991152,24.173971,102,100,21.2,1.69
15.17.56099,24.238917999999998,102,100,21.4,1.78
15.17.73108,24.255927,101,100,20.8,1.7
15.17.102138,24.284957,100,100,20.9,1.79
15.17.126094,24.308913,100,100,22.0,1.9
15.17.155129,24.337948,101,100,21.4,1.81
15.17.210112,24.392931,100,100,21.5,1.82
15.17.235105,24.417924,100,100,21.9,1.82
15.17.255089,24.437908,101,100,21.4,1.81
15.17.274101,24.45692,100,100,21.3,1.9
15.17.297119,24.479938,101,100,20.7,1.7
15.17.322103,24.504922,99,100,21.8,1.92
15.17.356083,24.538902,101,100,21.4,1.82
15.17.376087,24.558906,100,100,22.1,1.91
15.17.403064,24.585883,101,100,20.9,1.75
15.17.419082,24.601901,99,100,21.2,1.81
15.17.442050,24.624869,100,100,21.1,1.72
15.17.465046,24.647865,99,100,22.0,1.92
15.17.497062,24.679881,102,100,21.1,1.71
15.17.524064,24.706883,101,100,21.8,1.89
15.17.548050,24.730869,102,100,20.8,1.74
15.17.566060,24.748879,99,100,21.8,1.9
15.17.589055,24.771874,100,100,20.4,1.69
15.17.612079,24.794898,99,100,22.6,1.99
15.17.638067,24.820886,101,100,21.3,1.72
15.17.672062,24.854881,101,100,21.8,1.82
15.17.712062,24.894881,102,100,20.6,1.67
15.17.733061,24.91588,100,100,21.2,1.81
15.17.760043,24.942862,100,100,20.6,1.74
15.17.780063,24.962882,99,100,22.5,1.96
15.17.801042,24.983861,101,100,21.6,1.81
15.17.824022,25.006841,101,100,21.9,1.9
15.17.856084,25.038903,101,100,21.0,1.71
15.17.886047,25.068866,99,100,21.1,1.83
15.17.911009,25.093828,99,100,21.6,1.84
15.17.942079,25.124898,99,100,22.4,1.98
15.17.966043,25.148862,101,100,21.3,1.83
15.18.33,25.182852,101,100,21.8,1.83
15.18.27039,25.209858,101,100,21.2,1.76
15.18.44014,25.226833,100,100,21.8,1.81
15.18.69004,25.251823,100,100,21.2,1.82
15.18.85040,25.267859,99,100,21.9,1.93
15.18.107013,25.289832,100,100,21.0,1.74
15.18.134001,25.31682,99,100,22.4,1.99
15.18.174038,25.356857,102,100,21.0,1.74
15.18.205015,25.387834,100,100,21.8,1.83
15.18.226992,25.409811,101,100,20.7,1.73
15.18.243989,25.426808,101,100,22.1,1.87
15.18.260981,25.4438,101,100,20.9,1.74
15.18.279984,25.462803,100,100,21.8,1.81
15.18.303040,25.485859,100,100,21.7,1.81
15.18.350995,25.533814,101,100,22.3,1.91
15.18.379986,25.562805,101,100,20.8,1.72
15.18.399027,25.581846,101,100,21.4,1.81
15.18.421967,25.604786,101,100,21.8,1.79
15.18.437986,25.620805,101,100,21.4,1.79
15.18.459983,25.642802,101,100,21.2,1.8
15.18.487986,25.670805,101,100,21.3,1.8
15.18.518973,25.701792,101,100,21.5,1.8
15.18.537994,25.720813,100,100,21.6,1.81
15.18.559031,25.74185,100,100,20.6,1.72
15.18.575966,25.758785,99,100,22.2,1.88
15.18.592978,25.775797,100,100,21.6,1.82
15.18.611955,25.794774,100,100,22.1,1.88
15.18.631963,25.814782,101,100,20.8,1.73
15.18.705995,25.888814,100,100,20.9,1.83
15.18.726954,25.909773,99,100,21.6,1.84
15.18.744977,25.927796,100,100,21.8,1.82
15.18.767952,25.950771,101,100,22.1,1.88
15.18.788959,25.971778,102,100,20.5,1.73
15.18.810939,25.993758,100,100,21.5,1.81
15.18.833962,26.016781,100,100,20.9,1.7
15.18.870990,26.053809,100,100,22.1,1.91
15.18.900962,26.083781,100,100,21.8,1.81
15.18.916944,26.099763,101,100,21.7,1.81
15.18.950948,26.133767,101,100,22.0,1.89
15.18.974258,26.157077,101,100,20.2,1.65
15.18.994994,26.177813,100,100,21.5,1.8
15.19.30930,26.213749,100,100,21.0,1.79
15.19.81947,26.264766,100,100,21.6,1.9
15.19.105914,26.288733,101,100,21.5,1.81
15.19.121948,26.304767,101,100,21.6,1.82
15.19.141920,26.324739,101,100,21.3,1.7
15.19.163908,26.346727,101,100,21.4,1.79
15.19.198950,26.381769,100,100,21.2,1.81
15.19.228913,26.411732,100,100,21.2,1.8
15.19.264931,26.44775,100,100,22.0,1.91
15.19.285907,26.468726,101,100,21.8,1.8
15.19.301926,26.484745,101,100,21.0,1.81
15.19.346915,26.529734,100,100,20.6,1.74
15.19.365921,26.54874,100,100,21.1,1.8
15.19.407227,26.590046,101,100,21.2,1.9
15.19.440899,26.623718,101,100,22.0,1.82
15.19.461929,26.644748,101,100,20.9,1.71
15.19.542886,26.725705,100,100,21.5,1.81
15.19.561902,26.744721,100,100,21.3,1.8
15.19.587874,26.770693,100,100,22.3,1.87
15.19.610876,26.793695,102,100,21.9,1.81
15.19.647890,26.830709,101,100,21.6,1.8
15.19.697901,26.88072,101,100,20.7,1.7
15.19.724878,26.907697,100,100,21.9,1.87
15.19.743877,26.926696,100,100,21.8,1.8
15.19.767869,26.950688,101,100,21.3,1.8
15.19.786871,26.96969,101,100,21.3,1.8
15.19.809847,26.992666,101,100,21.8,1.79
15.19.823941,27.00676,101,100,21.3,1.79
15.19.843855,27.026674,101,100,21.4,1.79
15.19.868865,27.051684,101,100,21.5,1.79
15.20.57835,27.240654,101,100,21.6,1.8
15.20.75856,27.258675,101,100,20.8,1.7
15.20.97859,27.280678,100,100,21.4,1.8
15.20.113861,27.29668,99,100,21.6,1.81
15.20.138829,27.321648,99,100,21.4,1.81
15.20.161830,27.344649,99,100,22.0,1.9
15.20.191861,27.37468,101,100,21.4,1.8
15.20.224866,27.407685,102,100,21.1,1.7
15.20.246819,27.429638,101,100,20.5,1.7
15.20.269867,27.452686,100,100,20.6,1.69
15.20.292829,27.475648,99,100,21.6,1.87
15.20.316821,27.49964,100,100,21.8,1.9
15.20.343837,27.526656,101,100,21.4,1.79
15.20.369885,27.552704,101,100,21.1,1.79
15.20.405832,27.588651,101,100,20.5,1.7
15.20.425863,27.608682,100,100,21.5,1.79
15.20.443845,27.626664,101,100,20.9,1.79
15.20.461818,27.644637,100,100,21.7,1.86
15.20.482836,27.665655,100,100,21.1,1.71
15.20.501859,27.684678,100,100,22.1,1.91
15.20.535800,27.718619,100,100,21.5,1.8
15.20.564850,27.747669,101,100,21.3,1.79
15.20.593848,27.776667,101,100,20.4,1.69
15.20.614799,27.797618,100,100,21.0,1.8
15.20.632820,27.815639,99,100,21.5,1.81
15.20.654815,27.837634,100,100,21.7,1.8
15.20.680827,27.863646,99,100,21.9,1.91
15.20.708829,27.891648,100,100,20.7,1.71
15.20.736776,27.919595,99,100,22.1,1.88
15.20.752779,27.935598,100,100,21.9,1.84
15.20.768769,27.951588,101,100,21.7,1.88
15.20.878784,28.061603,100,100,21.2,1.76
15.20.897812,28.080631,100,100,21.3,1.74
15.20.922768,28.105587,100,100,22.1,1.87
15.20.939826,28.122645,101,100,21.5,1.81
15.20.961775,28.144594,101,100,21.4,1.81
15.21.60785,28.243604,102,100,20.6,1.69
15.21.82766,28.265585,100,100,20.2,1.69
15.21.104764,28.287583,99,100,21.4,1.8
15.21.120775,28.303594,100,100,22.1,1.85
15.21.139740,28.322559,101,100,21.9,1.89
15.21.170772,28.353591,102,100,21.0,1.69
15.21.199759,28.382578,100,100,20.6,1.71
15.21.214753,28.397572,100,100,21.2,1.78
15.21.245749,28.428568,100,100,21.9,1.87
15.21.325758,28.508577,100,100,21.2,1.81
15.21.351731,28.53455,99,100,21.3,1.82
15.21.370830,28.553649,99,100,21.5,1.82
15.21.391735,28.574554,100,100,22.3,1.9
15.21.417747,28.600566,101,100,21.9,1.83
15.21.491758,28.674577,101,100,21.0,1.73
15.21.516777,28.699596,100,100,21.1,1.72
15.21.549755,28.732574,98,100,21.3,1.83
15.21.579745,28.762564,98,100,21.6,1.92
15.21.610754,28.793573,100,100,22.1,1.91
15.21.627709,28.810528,100,100,21.5,1.83
15.21.647731,28.83055,100,100,21.0,1.72
15.21.672719,28.855538,99,100,21.7,1.82
15.21.695738,28.878557,100,100,21.3,1.82
15.21.727761,28.91058,100,100,21.6,1.8
15.21.799715,28.982534,101,100,21.2,1.74
15.21.817721,29.00054,101,100,21.8,1.79
15.21.837687,29.020506,101,100,20.8,1.72
15.21.857689,29.040508,100,100,20.9,1.79
15.21.931703,29.114522,100,100,21.0,1.8
15.21.952683,29.135502,99,100,21.9,1.88
15.21.968713,29.151532,99,100,21.4,1.83
15.21.988698,29.171517,100,100,22.4,1.91
15.22.11665,29.194484,101,100,21.5,1.82
15.22.41695,29.224514,100,100,21.4,1.74
15.22.72696,29.255515,98,100,20.9,1.75
15.22.100680,29.283499,98,100,22.2,1.93
15.22.123688,29.306507,99,100,22.0,1.94
15.22.143683,29.326502,100,100,22.3,1.9
15.22.162689,29.345508,101,100,21.0,1.75
15.22.184682,29.367501,100,100,20.5,1.74
15.22.220719,29.403538,99,100,20.9,1.75
15.22.241679,29.424498,98,100,22.2,1.94
15.22.264720,29.447539,100,100,21.9,1.81
15.22.410644,29.593463,102,100,22.0,1.88
15.22.438630,29.621449,103,100,20.9,1.72
15.22.458679,29.641498,101,100,21.1,1.65
15.22.488690,29.671509,99,100,20.6,1.7
15.22.572637,29.755456,98,100,21.8,1.87
15.22.588649,29.771468,100,100,22.7,1.98
15.22.604654,29.787473,102,100,22.2,1.92
15.22.629631,29.81245,102,100,20.8,1.71
15.22.647643,29.830462,100,100,20.8,1.72
15.22.694616,29.877435,98,100,20.8,1.76
15.22.714630,29.897449,98,100,22.6,1.92
15.22.736640,29.919459,101,100,21.4,1.86
15.22.772097,29.954916,191,100,10.1,2.09
15.22.789668,29.972487,182,100,9.9,2.12
15.22.806060,29.988879,170,100,9.9,2.16
15.22.829772,30.012591,194,100,9.9,1.93
15.22.849602,30.032421,141,100,9.2,1.65
15.22.861624,30.044443,101,100,8.4,1.48
15.22.984032,30.166851,72,100,3.0,1.28
15.22.996604,30.179423,146,100,3.1,1.41
15.23.10618,30.193437,172,100,3.8,1.59
15.23.24687,30.207506,197,100,4.6,1.75
15.23.221575,30.404394,230,100,8.1,1.84
15.23.236666,30.419485,167,100,7.8,1.68
15.23.249818,30.432637,137,100,7.5,1.45
15.23.264598,30.447417,106,100,6.6,1.22
15.23.283617,30.466436,69,100,5.2,0.72
15.23.290627,30.473446,21,100,2.1,1.02
15.23.431564,30.614383,123,100,1.8,0.98
15.23.444582,30.627401,125,100,1.6,0.96
15.23.459566,30.642385,110,100,1.4,1.06
15.23.473571,30.65639,138,100,1.7,1.22
15.23.489553,30.672372,169,100,2.4,1.38
15.23.502930,30.685749,188,100,3.1,1.45
15.23.516652,30.699471,205,100,3.8,1.44
15.23.547630,30.730449,178,100,3.6,1.17
15.23.717665,30.900484,77,100,0.0,0.63
15.23.731988,30.914807,76,100,0.0,0.76
15.23.744538,30.927357,102,100,0.0,0.94
15.23.773550,30.956369,112,100,0.7,1.36
15.23.940517,31.123336,229,100,5.2,1.46
15.23.953529,31.136348,158,100,4.9,1.36
15.23.966530,31.149349,135,100,4.5,1.2
15.23.981537,31.164356,107,100,4.0,0.92
15.24.2851,31.185670000000002,67,100,2.5,0.41
15.24.16549,31.199368,10,100,0.3,0.21
15.24.55801,31.23862,7,100,0.0,0.23
15.24.71558,31.254377,15,100,0.0,0.37
15.24.92683,31.275502,33,100,0.0,0.63
15.24.105496,31.288315,73,100,0.0,0.78
15.24.231500,31.414319,105,100,6.1,1.75
15.24.250510,31.433329,191,100,6.4,1.93
15.24.269491,31.45231,225,100,6.9,1.77
15.24.282553,31.465372,195,100,6.9,1.66
15.24.300802,31.483621,163,100,6.6,0.85
15.24.420807,31.603626,124,100,0.2,0.91
15.24.433473,31.616292,137,100,0.2,0.91
15.24.455521,31.63834,140,100,0.2,0.84
15.24.477495,31.660314,128,100,0.0,0.7
15.24.659519,31.842338,103,100,0.0,0.46
15.24.672853,31.855672,57,100,0.0,0.39
15.24.687804,31.870623,37,100,0.0,0.45
15.24.702461,31.88528,51,100,0.0,0.36
15.24.717449,31.900268,28,100,0.0,0.48
15.24.801503,31.984322,50,100,2.5,1.46
15.24.815471,31.99829,224,100,3.0,1.42
15.24.829455,32.012274,207,100,3.3,1.45
15.24.844872,32.027691,191,100,3.8,1.56
15.24.860878,32.043697,215,100,4.5,1.51
15.24.876440,32.059259,186,100,4.4,1.42
15.24.895449,32.078268,160,100,4.0,1.22
15.24.910471,32.09329,123,100,3.8,0.97
15.24.923547,32.106366,82,100,3.1,0.65
15.24.941434,32.124253,46,100,1.6,0.05
15.24.963466,32.146285,5,100,0.1,0.38
15.24.989473,32.172292,34,100,0.0,0.43
15.25.46710,32.229529,44,100,0.0,0.39
15.25.63456,32.246275,31,100,0.0,0.69
15.25.85473,32.268292,143,100,14.3,0.01
15.25.95464,32.278283,184,100,18.4,0.08
15.25.110470,32.293289,143,100,25.1,1.17
15.25.275426,32.458245,207,100,20.7,1.18
15.25.288429,32.471248,203,100,20.3,1.17
15.25.299420,32.482239,182,100,18.2,1.13
15.25.314419,32.497238,148,100,14.8,1.07
15.25.349460,32.532279,168,100,8.4,1.22
15.25.374442,32.557261,39,100,5.6,0.22
15.25.396439,32.579258,29,100,2.7,0.12
15.25.415414,32.598233,30,100,0.2,0.59
15.25.421453,32.604272,69,100,0.4,1.04
15.25.603814,32.786633,166,100,0.9,1.16
15.25.621456,32.804275,205,100,20.5,0.2
15.25.637408,32.820227,197,100,19.7,0.3
15.25.673435,32.856254,32,100,3.2,0.21
15.25.823668,33.006487,186,100,2.4,1.35
15.25.835379,33.018198,185,100,2.7,1.5
15.25.850358,33.033177,217,100,3.1,1.45
